<?xml version="1.0" encoding="UTF-8" standalone="yes"?>
<instituto nombre="IES Villaverde">
    <ciclos>
        <ciclo>
            <curso plazas="30">
                <curso>1</curso>
            </curso>
            <nombre>DAM</nombre>
        </ciclo>
        <ciclo>
            <curso plazas="30">
                <curso>2</curso>
            </curso>
            <nombre>DAM</nombre>
        </ciclo>
        <ciclo>
            <curso plazas="30">
                <curso>1</curso>
            </curso>
            <nombre>ASIR</nombre>
        </ciclo>
        <ciclo>
            <curso plazas="30">
                <curso>2</curso>
            </curso>
            <nombre>ASIR</nombre>
        </ciclo>
    </ciclos>
    <direccion>Calle Alianza 19, 28041, Madrid</direccion>
</instituto>
